{
  "user": [
    {
      "age": 22,
      "ambassador": false,
      "avatar": "https://static0.fitbit.com/images/profile/defaultProfile_100.png",
      "avatar150": "https://static0.fitbit.com/images/profile/defaultProfile_150.png",
      "avatar640": "https://static0.fitbit.com/images/profile/defaultProfile_640.png",
      "averageDailySteps": 0,
      "challengesBeta": true,
      "clockTimeDisplayFormat": "24hour",
      "corporate": false,
      "corporateAdmin": false,
      "dateOfBirth": "1998-04-28",
      "displayName": "Lefteris K.",
      "displayNameSetting": "name",
      "distanceUnit": "METRIC",
      "encodedId": "8X28D8",
      "features": {
        "exerciseGoal": true
      },
      "firstName": "Lefteris",
      "foodsLocale": "en_US",
      "fullName": "Lefteris Koutsourakis",
      "gender": "MALE",
      "glucoseUnit": "METRIC",
      "height": 180,
      "heightUnit": "METRIC",
      "isBugReportEnabled": false,
      "isChild": false,
      "isCoach": false,
      "languageLocale": "en_EU",
      "lastName": "Koutsourakis",
      "legalTermsAcceptRequired": false,
      "locale": "en_EU",
      "memberSince": "2020-10-19",
      "mfaEnabled": false,
      "offsetFromUTCMillis": 7200000,
      "sdkDeveloper": true,
      "sleepTracking": "Normal",
      "startDayOfWeek": "MONDAY",
      "strideLengthRunning": 126.10000000000001,
      "strideLengthRunningType": "default",
      "strideLengthWalking": 74.7,
      "strideLengthWalkingType": "default",
      "swimUnit": "METRIC",
      "timezone": "Europe/Athens",
      "topBadges": [],
      "waterUnit": "METRIC",
      "waterUnitName": "ml",
      "weight": 68,
      "weightUnit": "METRIC"
    }
  ]
}