{
    "sleep": [
        {
            "dateOfSleep": 1,
            "milliseconds": 720000
        },
        {
            "dateOfSleep": 2,
            "milliseconds": 1020000
        },
        {
            "dateOfSleep": 3,
            "milliseconds": 780000
        },
        {
            "dateOfSleep": 4,
            "milliseconds": 1260000
        },
        {
            "dateOfSleep": 5,
            "milliseconds": 480000
        },
        {
            "dateOfSleep": 6,
            "milliseconds": 660000
        },
        {
            "dateOfSleep": 7,
            "milliseconds": 720000
        }
    ]
}